{
  "ag": "http://purl.org/rss/1.0/modules/aggregation/",
  "annotate": "http://purl.org/rss/1.0/modules/annotate/",
  "app": "http://www.w3.org/2007/app",
  "atom": "http://www.w3.org/2005/Atom",
  "cc": "http://creativecommons.org/ns#",
  "cnt": "http://www.w3.org/2008/content#",
  "company": "http://purl.org/rss/1.0/modules/company",
  "content": "http://purl.org/rss/1.0/modules/content/",
  "csvw": "http://www.w3.org/ns/csvw#",
  "ctag": "http://commontag.org/ns#",
  "dc": "http://purl.org/dc/terms/",
  "dc11": "http://purl.org/dc/elements/1.1/",
  "dcat": "http://www.w3.org/ns/dcat#",
  "dcterms": "http://purl.org/dc/terms/",
  "earl": "http://www.w3.org/ns/earl#",
  "em": "http://www.mozilla.org/2004/em-rdf#",
  "email": "http://purl.org/rss/1.0/modules/email/",
  "emma": "http://www.w3.org/2003/04/emma",
  "emo": "http://www.w3.org/2009/10/emotionml",
  "ev": "http://www.w3.org/2001/xml-events",
  "fh": "http://purl.org/syndication/history/1.0",
  "foaf": "http://xmlns.com/foaf/0.1/",
  "geo": "http://www.w3.org/2003/01/geo/wgs84_pos#",
  "gr": "http://purl.org/goodrelations/v1#",
  "grddl": "http://www.w3.org/2003/g/data-view#",
  "ht": "http://www.w3.org/2006/http#",
  "html": "http://www.w3.org/1999/xhtml",
  "ical": "http://www.w3.org/2002/12/cal/icaltzd#",
  "image": "http://purl.org/rss/1.0/modules/image/",
  "itms": "http://phobos.apple.com/rss/1.0/modules/itms/",
  "its": "http://www.w3.org/2005/11/its",
  "itunes": "http://www.itunes.com/dtds/podcast-1.0.dtd",
  "l": "http://purl.org/rss/1.0/modules/link/",
  "ma": "http://www.w3.org/ns/ma-ont#",
  "math": "http://www.w3.org/1998/Math/MathML",
  "oa": "http://www.w3.org/ns/oa#",
  "og": "http://ogp.me/ns#",
  "org": "http://www.w3.org/ns/org#",
  "owl": "http://www.w3.org/2002/07/owl#",
  "prov": "http://www.w3.org/ns/prov#",
  "ptr": "http://www.w3.org/2009/pointers#",
  "qb": "http://purl.org/linked-data/cube#",
  "rdf": "http://www.w3.org/1999/02/22-rdf-syntax-ns#",
  "rdfa": "http://www.w3.org/ns/rdfa#",
  "rdfs": "http://www.w3.org/2000/01/rdf-schema#",
  "rev": "http://purl.org/stuff/rev#",
  "rif": "http://www.w3.org/2007/rif#",
  "rr": "http://www.w3.org/ns/r2rml#",
  "rss1": "http://purl.org/rss/1.0/",
  "rss11": "http://purl.org/net/rss1.1#",
  "schema": "http://schema.org/",
  "sd": "http://www.w3.org/ns/sparql-service-description#",
  "search": "http://purl.org/rss/1.0/modules/search/",
  "sioc": "http://rdfs.org/sioc/ns#",
  "skos": "http://www.w3.org/2004/02/skos/core#",
  "skosxl": "http://www.w3.org/2008/05/skos-xl#",
  "slash": "http://purl.org/rss/1.0/modules/slash/",
  "sparql": "http://www.w3.org/2005/sparql-results#",
  "ss": "http://purl.org/rss/1.0/modules/servicestatus/",
  "sub": "http://purl.org/rss/1.0/modules/subscription/",
  "svg": "http://www.w3.org/2000/svg",
  "sy": "http://purl.org/rss/1.0/modules/syndication/",
  "taxo": "http://purl.org/rss/1.0/modules/taxonomy/",
  "thr": "http://purl.org/syndication/thread/1.0",
  "ttml": "http://www.w3.org/ns/ttml",
  "v": "http://rdf.data-vocabulary.org/#",
  "vcard": "http://www.w3.org/2006/vcard/ns#",
  "void": "http://rdfs.org/ns/void#",
  "wdr": "http://www.w3.org/2007/05/powder#",
  "wdrs": "http://www.w3.org/2007/05/powder-s#",
  "wiki": "http://purl.org/rss/1.0/modules/wiki/",
  "wsdl": "http://www.w3.org/ns/wsdl",
  "wsp": "http://www.w3.org/ns/ws-policy",
  "xbl": "http://www.mozilla.org/xbl",
  "xhv": "http://www.w3.org/1999/xhtml/vocab#",
  "xi": "http://www.w3.org/2001/XInclude",
  "xhtml": "http://www.w3.org/1999/xhtml",
  "xlink": "http://www.w3.org/1999/xlink",
  "xml": "http://www.w3.org/XML/1998/namespace",
  "xmlns": "http://www.w3.org/2000/xmlns/",
  "xsd": "http://www.w3.org/2001/XMLSchema#",
  "xsi": "http://www.w3.org/2001/XMLSchema-instance",
  "xsl": "http://www.w3.org/1999/XSL/Transform",
  "xul": "http://www.mozilla.org/keymaster/gatekeeper/there.is.only.xul"
}
