{
  "application": {
    "ecmascript": "es",
    "javascript": "js",
    "x-ecmascript": "js",
    "x-javascript": "js",
    "sparql-query": "rq",
    "json": {
      "ld": "jsonld",
      "json": "json"
    },
    "xml": {
      "atom": "atom",
      "atomcat": "atomcat",
      "atomdeleted": "atomdeleted",
      "atomsvc": "atomsvc",
      "ccxml": "ccxml",
      "emma": "emma",
      "emotionml": "emotionml",
      "inkml": "inkml",
      "its": "its",
      "mads": "mads",
      "marcxml": "mrcx",
      "mathml": "mml",
      "mods": "mods",
      "pls": "pls",
      "provenance": "provx",
      "rdf": "rdf",
      "smil": "smil",
      "sparql-results": "srx",
      "sru": "sru",
      "srgs": "grxml",
      "ssml": "ssml",
      "ttml": "ttml",
      "vnd.mozilla.xul": "xul",
      "voicexml": "vxml",
      "wsdl": "wsdl",
      "wspolicy": "wspolicy",
      "xhtml": "xhtml",
      "xml": "xml",
      "xml-dtd": "dtd",
      "xslt": "xsl"
    }
  },
  "image": {
    "xml": {
      "svg": "svg"
    }
  },
  "text": {
    "cache-manifest": "appcache",
    "css": "css",
    "csv": "csv",
    "ecmascript": "js",
    "javascript": "js",
    "javascript1.0": "js",
    "javascript1.1": "js",
    "javascript1.2": "js",
    "javascript1.3": "js",
    "javascript1.4": "js",
    "javascript1.5": "js",
    "jscript": "js",
    "livescript": "js",
    "x-ecmascript": "js",
    "x-javascript": "js",
    "html": "html",
    "markdown": "md",
    "n3": "n3",
    "plain": "txt",
    "provenance-notation": "provn",
    "turtle": "ttl",
    "vcard": "vcf",
    "vtt": "vtt",
    "xml": "xml"
  }
}
